INSERT INTO `personas` (`ap_paterno`,`ap_materno`,`nombres`,`fecha_nacimiento`,`provincia`, `departamento`, `CI`, `celular`, `estado_civil`, `domicilio`, `sexo`) VALUES 
 ('Abed','Manuyama','Yobana','1979-08-24','Nicolas Suarez','Pando','1766747',3735,'', 'no','F'),
 ('Amasifen','Cuellar','Daniel','1977-11-22','Abuna','Pando','4206894',3735,'Soltero', 'no','M'),
 ('Amutari','Roman','Noelia','1983-07-18','Vaca Diez','Beni','5304192',3735,'Soltera', 'no','F'),
 ('Anti','Choque','Maxima Maruja','1978-11-18','Ingavi','La Paz','4865819',2578,'Soltera', 'no','F'),
 ('HURTADO','BELLIDO','ANGELITO','1977-09-20','NICOLAS SUAREZ','PANDO','4184000',0,'COBIJA', 'no','M'),
 ('Gomez ','Mamani','Richard','1985-04-21','Murillo','La Paz','6741730',0,'', 'no','M'),
 ('Arias','Piñeiro','Mario','1979-01-25','Vaca Diez','Beni','1765021',5088,'Soltero', 'no','M'),
 ('Amasifuen','Mendez','Manuel','1973-08-07','Nicolas Suarez','Pando','1754387',3735,'B/27 de Mayo', 'no','M'),
 ('Aguilera ','Flores','Edwin','1985-04-15','Nicolas Suarez','Pando','1768388',3220,'Soltero', 'no','M'),
 ('Aguilera','Villega','Carmelo','1974-07-15','Mamore','Beni','5611349',2578,'Soltero', 'no','M'),
 ('Alpire','Reyes','Wilman','1959-09-27','Manuripi','Pando','1750491',3735,'Soltero', 'no','M'),
 ('Arratia','Velasquez','Aldo','1981-03-01','Murillo','La Paz','4956516',6955,'Soltero', 'no','M'),
 ('Apaza','Mamani','Federico','1963-11-26','Pacajes','La Paz','2613603',2578,'Soltero', 'no','M'),
 ('Cabrera','Aguada','Rony','1976-12-01','Nicolas Suarez','Pando','1767544',3735,'Soltero', 'no','M'),
 ('Arnez ','Paredes','Jose Israel','1985-01-15','Andrez Iba','Santa Cruz','1769400',0,'', 'no','M'),
 ('Camargo','Cabrera','Carlos Reynaldo','1963-01-03','Nicolas Suarez','Pando','1760091',3735,'Soltero', 'no','M'),
 ('Caceres  ','Azad','Jaime Alejandro','1986-09-07','Nicolas Suarez','Pando','4201626',3220,'Casado', 'no','M'),
 ('Castro','Cruz','Marcelino','1958-11-26','Manuripi','Pando','1760162',3735,'Soltero', 'no','M'),
 ('Campos','Balcazar ','Mery Cruz','1984-05-03','Nicolas Suarez','Pando','1769137',3220,'Soltera', 'no','F'),
 ('Beltran ','Romoaldo','Gleis','1978-03-28','Nicolas Suarez','Pando','1764634',2213,'Soltera', 'no','F'),
 ('Bendita','Aguilar','Jorge Reynaldo','1988-01-01','Murillo','La Paz','6898973',3735,'Soltero', 'no','M'),
 ('Beltran ','Carballo','Herbert Daniel','1958-12-31','Nicolas Suarez','Pando','1748550',5088,'Soltero', 'no','M'),
 ('Barbery','Andia','Carlos Enrique','1974-04-14','Nicolas Suarez','Pando','1762585',3220,'Casado', 'no','M'),
 ('Bandeira ','Uyeno','Carlos Dorian','1957-03-13','Vaca Diez','Beni','1749003',3320,'Soltero', 'no','M'),
 ('Baeny ','Suarez','Juana Daniela','1987-10-10','Vaca Diez','Beni','4193391',7187,'Soltera', 'no','F'),
 ('Baldiviezo ','Jerez','Daniel','1969-11-14','S. Chichas','Potosi','3699009',3220,'Soltero', 'no','M'),
 ('Bravo','Gosalvez','Abdia','1974-09-21','Vaca Diez','Beni','1764461',5088,'Soltero', 'no','M'),
 ('Ballivian','Alpire','Angel','1958-12-28','Vaca Diez','Beni','1720981',3220,'Casado', 'no','M'),
 ('Cardenas','Gongora','Evi Victor','1968-10-25','Manuripi','Pando','1751256',3220,'Casado', 'no','M'),
 ('.Luna','.','Charly','1987-02-22','Iturralde','La Paz','13383427',0,'', 'no','M'),
 ('Cruz','Abano','Farlen','1983-09-04','Nicolas Suarez','Pando','1767913',3735,'Soltero', 'no','M'),
 ('Cartagena','Avila','Froilan','1979-08-30','Madre de Dios','Pando','1768001',3725,'Soltero', 'no','M'),
 ('Cabral','Cuellar','Humberto','1962-05-12','Vaca Diez','Beni','1686494',3735,'Soltero', 'no','M'),
 ('Cossio','Bautista','Iber Ruddy','1981-03-16','Inquisivi','La Paz','5904687',3220,'Soltero', 'no','M'),
 ('Unzueta','Guzman','Medardo','1968-04-22','Cercado','Cochabamba','3024207',0,'', 'no','M'),
 ('Coitines','Patruni','Ivan','1978-08-22','Nicolas Suarez','Pando','1765957',3735,'Soltero', 'no','M'),
 ('Coelho','Gomez','Carlos','1959-06-18','Abuna','Pando','1750115',3220,'Soltero', 'no','M'),
 ('Salazar','Mendez','German','1974-03-07',' ','pando','1764534',0,'', 'no','M'),
 ('Novoa','Cordero','Dionicio','1983-10-03',' ','pando','7597750',0,'', 'no','M'),
 ('Mayna','Silva','Jhon','1986-05-04',' ','cochabamba','1769040',0,'', 'no','M'),
 ('Cuellar','Pareja','Lizandro','1989-07-02','Nicolas Suarez','Pando','4206256',3220,'Soltero', 'no','M'),
 ('Cusy','Encinas','Diego Armando','1986-06-15','Manco Kapac','La Paz','4201927',3735,'Soltero', 'no','M'),
 ('Cuevas','Gomez','Carlos Alberto','1976-02-21','Murillo','La Paz','4317083',3220,'Soltero', 'no','M'),
 ('Chambi','Chambi','Walter','1991-07-05','Murillo','La Paz','8370947',3735,'Soltero', 'no','M'),
 ('Chavez','Rodriguez','Edgar','1963-10-29','Vaca Diez','Beni','1733712',3220,'Casado', 'no','M'),
 ('Chavez','Vaca','Erasmo','1959-12-31','Vaca Diez','Beni','1750479',3220,'Soltero', 'no','M'),
 ('Balcarcel ','Fernandez','Alexander ','1993-09-05','Vaca Diez','Beni','4210600',0,'', 'no','M'),
 ('Cardenas','Gonzales','Richard','1991-12-17','Vaca Diez','Beni','4210397',0,'', 'no','M'),
 ('Choque','Eguez','Miguel Angel','1981-01-21','Vaca Diez','Beni','4194868',3735,'Soltero', 'no','M'),
 ('Davila','Hillman','Ina Aide','1974-08-02','Punata ','Cochabamba','1762618',6955,'Soltera', 'no','F'),
 ('Delgado','Araona','Angel','1977-05-26','Vaca Diez','Beni','5614037',3220,'Soltero', 'no','M'),
 ('Derzi','Miguel','Carolina','1970-10-09','Nicolas Suarez','Pando','1761625',3735,'Soltera', 'no','F'),
 ('Diez ','Gualuo ','Amanda','1965-11-03','Ballivian','Beni','5710560',2578,'Soltera', 'no','F'),
 ('Diaz','Cabral','Nelson','1973-07-18','Vaca Diez','Beni','1914256',3220,'Soltero', 'no','M'),
 ('Dominguez','Aradivi','Edwin','1959-11-02','Nicolas Suarez','Pando','1750293',3220,'Soltero', 'no','M'),
 ('Dominguez','Bollati','Lander','1984-07-17','Abuna','Pando','1769843',5088,'Casado', 'no','M'),
 ('Duarte ','Coca','Arminda','1981-11-01','Yamparez','Chuquisaca','7466705',2213,'Soltera', 'no','F'),
 ('Duran','Duran','Milton','1977-03-09','Murillo','La Paz','4202454',3220,'Soltero', 'no','M'),
 ('Dury','Ramirez','Yocias','1981-03-06','Nicolas Suarez','Pando','4202805',3735,'Soltero', 'no','M'),
 ('Ecuary','Castro','Rurith','1987-07-12','Nicolas Suarez','Pando','4201348',3735,'Soltero', 'no','M'),
 ('Escalante','Moscoso','Carlos German','1983-07-22','Nicolas Suarez','Pando','4200058',3735,'Soltero', 'no','M'),
 ('Eamara','Chao','Jorge','1966-01-27','Vaca Diez','Beni','1768149',3220,'Soltero', 'no','M'),
 ('Flores','Antelo','Orlando','1969-05-24','Nicolas Suarez','Pando','1761750',3735,'Soltero', 'no','M'),
 ('Flores','Villca','Dionicio','1974-11-19','Inquisivi','La Paz','4370387',3220,'Soltero', 'no','M'),
 ('Flores','Duran','Marcelo','1961-06-20','Nicolas Suarez','Pando','4215971',2578,'Soltero', 'no','M'),
 ('Flores','Chirinos','Adolfo Romulo','1974-09-28','Murillo','La Paz','4253860',2212,'Soltero', 'no','M'),
 ('Flores','Tapia','Ido Edwin','1973-01-15','German Jordan','Cochabamba','6459592',6955,'Soltero', 'no','M');
 INSERT INTO `personas` (`ap_paterno`,`ap_materno`,`nombres`,`fecha_nacimiento`,`provincia`, `departamento`, `CI`, `celular`, `estado_civil`, `domicilio`, `sexo`) VALUES 
 ('Garcia','Ovando','Robert','1972-04-17','Punata','Cochabamba','4268694',5088,'Soltero', 'no','M'),
 ('Garzon','Cardozo','Eustacio','1967-03-29','Benmejo','Tarija','1846021',3220,'Soltero', 'no','M'),
 ('Gonzales','Solano','Danny','1987-02-13','Nicolas Suarez','Pando','4202326',2578,'Soltera', 'no','F'),
 ('Gongora','Moreno','Wilfredo','1964-10-29','Vaca Diez','Beni','1682018',3220,'Soltero', 'no','M'),
 ('Dominguez','Maradey','Jhonny Antonio','1983-06-11','Vaca Diez','Beni','4187215',0,'', 'no','M'),
 ('Cuellar','Garcia','Yhonny Oscar','1989-12-19','Manuripi','Pando','5706528',0,'', 'no','M'),
 ('Guarachi','Nina','Emilio','1983-01-19','Inquisivi','La Paz','4202302',3220,'Soltero', 'no','M'),
 ('Luna','Estrada','Gladys','1983-11-08','Murillo','La Paz','6100941',3735,'Soltera', 'no','F'),
 ('Lunda','Paco','Rafael','1970-05-06','Cercado','Cochabamba','1761469',5088,'Soltero', 'no','M'),
 ('Macagua','Tuesta','Elias','1972-07-20','Nicolas Suarez','Pando','1763676',3220,'Soltero', 'no','M'),
 ('Mamani','Huanca','Lucio','1971-02-02','Murillo','La Paz','3389031',3220,'Soltero', 'no','M'),
 ('Mattos','Garron','Adith','1977-03-10','Oropeza','Chuquisaca','4084263',7187,'Soltero', 'no','M'),
 ('Marquina','Pinaya','Narciso','1976-01-02','Chapare','Cochabamba','4503303',0,'Soltero', 'no','M'),
 ('Manu','Ramirez','Guillermo','1978-04-02','Vaca Diez','Pando','1768808',3735,'Soltero', 'no','M'),
 ('Suarez','Meza','Fernando ','1985-12-30','','pando','4203586',0,'', 'no','M'),
 ('Malale','Saenz','Rudy','1986-10-14','Madre de Dios','Pando','1769701',2578,'Soltero', 'no','M'),
 ('Marin','Huanca','Severo Ignacio','1959-02-01','Murillo','La Paz','2359933',3735,'Soltero', 'no','M'),
 ('Mamani','Cuellar','Francisco','1970-11-12','Aroma','La Paz','4390944',3220,'Casado', 'no','M'),
 ('Marigua','Cruz','Carlos','1979-04-09','Federico Roman','Pando','1766771',3735,'Soltero', 'no','M'),
 ('Lens','Cartagena','Willans','1964-03-11','Gral. J. Ballivian','Beni','1925992',3220,'Soltero', 'no','M'),
 ('Lopez','Espinoza','Jhon','1978-10-08','Inquisivi','La Paz','4946397',3735,'Casado', 'no','M'),
 ('Lurici','Chuquiza','Rosy Luvia','1984-12-12','Manuripi','Pando','10850247',2578,'Soltera', 'no','F'),
 ('Landivar','Peña','Robert','1971-08-20','Manuripi','Pando','1762865',3220,'Soltero', 'no','M'),
 ('Goda','Molina','Miguel Angel','1980-03-20','Vaca Diez','Beni','1766672',0,'', 'no','M'),
 ('Castro','Pongo','Raul','1972-05-28','Ingavi','La Paz','1762421',0,'', 'no','M'),
 ('Clavijo','Guillen','Pedro Mauricio','1995-04-12','Murillo','La Paz','6960676',123,'Km 3 barrio Pazamora', 'no','M'),
 ('Kojarata','Yoshitomy','Emilio','1974-07-10','Nicolas Suarez','Pando','1763719',3735,'Soltero', 'no','M'),
 ('Mopi','Beltran','claribel','1994-06-18','Nicolas Suarez ','Pando','4206805',0,'', 'no','F'),
 ('Ichu','Viri','Bladimir','1987-08-28','Cercado','Beni','4201554',2578,'Soltero', 'no','M'),
 ('Huanca','Blanco','Armando','1979-12-25','Murillo','La Paz','4958741',3735,'Soltero', 'no','M'),
 ('Huanca','Sanga','Gregoria','1972-05-09','Ingavi','La Paz','3412635',2212,'Soltera', 'no','F'),
 ('Huanca','Huanca','Eusebio','1970-08-03','Murillo','La Paz','4282843',6955,'Soltero', 'no','M'),
 ('Hurtado','Montenegro','Walter','1977-03-29','Nicolas Suarez','Pando','1764659',3735,'Soltero', 'no','M'),
 ('Herrera','Tinta','Cristina Irene','1988-09-26','Nicolas Suarez','Pando','4204625',6955,'Soltera', 'no','M'),
 ('Mercado','Haas','Ada Maria','1974-02-10','Ballivian','Beni','4751034',3735,'Soltero', 'no','F'),
 ('Melena','Tuesta','Edibaldo','1985-06-10','Nicolas Suarez','Pando','1769289',3735,'Soltero', 'no','M'),
 ('Mendez','Queirolo','Rolando','1961-05-26','Ibañez','Santa Cruz','2973668',5088,'Soltero', 'no','M'),
 ('Mendoza','Mariaca','Pedro','1962-08-09','Manuripi','Pando','1761823',3735,'Soltero', 'no','M'),
 ('Mendez','Hurtado','Victor','1963-03-23','Nicolas Suarez','Pando','1750703',3735,'Soltero', 'no','M'),
 ('Medrano','Camargo','Eloy','1981-08-01','Ibañez','Santa Cruz','5371163',3735,'Soltero', 'no','M'),
 ('Montero','Chavez','Francisco','1977-05-11','Nicolas Suarez','Pando','1764304',3735,'Soltero', 'no','M'),
 ('Muzumbita','Cabina','David','1978-08-09','Manuripi','Pando','1765390',3220,'Soltero', 'no','M'),
 ('Muñoz','Zurita','Eduardo','1963-05-29','Carrasco','Cochabamba','2616256',3735,'Casado', 'no','M'),
 ('Muñoz','Piña','Manuela Clementina','1958-06-05','Nicolas Suarez','Pando','1749730',2578,'', 'no','M'),
 ('Nogales','Cayo','Juanito','1959-03-22','Quillacollo','Cochabamba','2839598',3220,'Soltero', 'no','M'),
 ('Nay','Suarez','Jesus Reynaldo','1984-03-11','Nicolas Suarez','Pando','1767242',3735,'Soltero', 'no','M'),
 ('Osaita','Daza','Gari Yul','1990-12-10','Nicolas Suarez','Pando','4215000',3220,'Soltero', 'no','M'),
 ('Parada','Rodriguez','Iver','1978-05-15','Santisteban','Santa Cruz','5358501',3220,'Soltero', 'no','M'),
 ('Pacamias','Duran','Freddy','1984-09-13','Vaca Diez','Beni','5712787',2578,'Soltero', 'no','M'),
 ('Paye','Rodriguez','Willian Vito','1981-03-26','Manco Kapac','Cochabamba','5602734',3220,'Soltero', 'no','M'),
 ('Perez','Ancasi','Ximena Patricia','1980-04-06','Cercado','Oruro','4038420',6955,'Soltera', 'no','F'),
 ('Pinedo','.','Julio Vicente','1968-07-02','Sud Yungas','La Paz','3493920',3735,'Soltero', 'no','M'),
 ('Prado','Miyashiro','Hiroito Jarol','1987-06-12','Nicolas Suarez','Pando','4201948',3220,'Soltero', 'no','M'),
 ('Pocoaca','Callisaya','Victoria Ana','1975-04-15','Murillo','La Paz','2602084',2578,'Soltera', 'no','F'),
 ('Puerta','Angulo','Mario','1972-04-15','Nicolas Suarez','Pando','1762527',2578,'Soltero', 'no','M'),
 ('Quispe','Mujica','Marco Antonio','1971-02-12','Murillo','La Paz','3458800',5088,'Soltero', 'no','M'),
 ('Quispe','Alvarez','Juan Carlos','1981-10-17','Murillo','La Paz','4934616',3220,'Soltero', 'no','M'),
 ('Quimo','Amutari','Gabriel','1990-06-23','Madre de Dios','Pando','4219322',2578,'Soltero', 'no','M'),
 ('Quete','Justiniano','Mateo','1959-09-19','Vaca Diez','Beni','1688256',3735,'Soltero', 'no','M'),
 ('Quispe','Cruz','Raul Hector','1982-12-14','Antonio Quijarro','Potosi','8360647',3735,'Soltero', 'no','M'),
 ('MENDOSA',' ','ELSI','1981-09-28','NICOLAS SUAREZ','PANDO','989876',878987,'COBIJA', 'no','F'),
 ('Nuñez ','Nogales','Stephanie ','1992-03-01','Nicolas Suarez','Pando','4204771',0,'', 'no','F'),
 ('Ramos','Kerdy','Farja Kalisa','1987-11-23','Nicolas Suarez','Pando','4203809',2578,'Soltera', 'no','F'),
 ('Reyes','Soliz','Kely','1986-06-08','Murillo','La Paz','6060057',7187,'Soltera', 'no','F'),
 ('Rodriguez','Mercado','Gary','1973-08-30','Cercado','Cochabamba','1767014',3220,'Soltero', 'no','M'),
 ('Rojas','Paradis','Saulo','1978-11-28','Manuripi','Pando','4200860',3220,'Soltero', 'no','M'),
 ('Roca','Heredia','Gilberto','1976-02-23','Vaca Diez','Pando','4200003',3735,'Soltero', 'no','M'),
 ('Rojas','Mercado','Claudia','1972-04-15','Nicolas Suarez','Pando','1762262',3220,'Soltera', 'no','F'),
 ('Rolando','Rivas','Felix','1975-05-17','Quillacollo','Cochabamba','3914347',3735,'Soltero', 'no','M'),
 ('Rodriguez','Herrera','Jorge','1973-07-07','Nicolas Suarez','Pando','1764684',3220,'Soltero', 'no','M'),
 ('Romero','Mejia','Javier','1984-12-03','Cercado','Cochabamba','5239540',3735,'Soltero', 'no','M'),
 ('Rojas','Oliveira','Jose Fernando','1963-10-25','Nicolas Suarez','Pando','3013824',3220,'Soltero', 'no','M'),
 ('Sanda','Ruiz','Carlos Alberto','1975-09-06','Nicolas Suarez','Pando','1765172',3735,'Soltero', 'no','M'),
 ('Salvatierra','Justiniano','Angel Boris','1972-09-26','Nicolas Suarez','Pando','1760493',6955,'Soltero', 'no','M'),
 ('Saenz','Jimenez','Grober','1983-05-20','Madre de Dios','Pando','4200397',3735,'Soltero', 'no','M'),
 ('Sanchez','Paz','Rafael','1978-10-24','Ytenez','Beni','1764992',2578,'Soltero', 'no','M'),
 ('Saavedra','Pezo','Victor Ismael','1985-03-25','Nicolas Suarez','Pando','1766908',3735,'Soltero', 'no','M'),
 ('Salas','Nakashima','Carlos','1991-07-06','Nicolas Suarez','Pando','4201705',2578,'Casado', 'no','M'),
 ('Silvestre','Esquivel','Severo','1976-02-01','Larecaja','La Paz','4339973',3735,'Soltero', 'no','M'),
 ('Suarez','Argandoña','Miguel Angel','1976-12-31','Yacuma','Beni','1764542',5088,'Soltero', 'no','M'),
 ('Siñani','Chino','Eulogia Elisa','1968-01-21','Murillo','La Paz','2441258',2213,'Soltera', 'no','F'),
 ('Tarabillo','Cruz','Elvira','1962-12-15','Nicolas Suarez','Pando','1763832',2578,'Soltera', 'no','F'),
 ('Tito','Gonzales','Felix','1969-05-18','Murillo','La Paz','3413871',3735,'Soltero', 'no','M'),
 ('Tirina','Maceda','Jose Pedro','1967-11-26','Vaca Diez','Beni','1911258',3220,'Soltero', 'no','M'),
 ('Toledo','Rodriguez','Javier','1986-08-01','Vaca Diez','Pando','4204265',3220,'Soltero', 'no','M'),
 ('Tola','Laime','Javier Marcelino','1982-01-02','Murillo','La Paz','6738777',3735,'Soltero', 'no','M');
 INSERT INTO `personas` (`ap_paterno`,`ap_materno`,`nombres`,`fecha_nacimiento`,`provincia`, `departamento`, `CI`, `celular`, `estado_civil`, `domicilio`, `sexo`) VALUES 
 ('Vasquez','Flores','Jimmi','1985-03-08','Nicolas Suarez','Pando','4201615',3220,'Soltero', 'no','M'),
 ('HUARY','SALVATIERRA','WILBER ORLANDO','1972-10-27','NICOLAS SUAREZ','PANDO','1762526',0,'C/TOMAS COLLINS N 059 B/27 DE MAYO', 'no','M'),
 ('Velez','Rojas','Quintin','1958-08-21','Manuripi','Pando','1906410',3220,'Soltero', 'no','M'),
 ('Fernandez','Supa','Nela','1988-12-07','Vaca Diez','Beni','5622352',3220,'Soltera', 'no','F'),
 ('Palma','.','Efrain','1973-08-20','Loayza','La Paz','5307710',3735,'Casado', 'no','M'),
 ('Monasterio','Galvez','Fernando','1989-05-30','Cercado','Beni','7600003',2578,'Soltero', 'no','M'),
 ('Ordoñez','Gonzales','Martin','1981-03-29','Vaca Diez','Beni','5610916',3220,'', 'no','M'),
 ('Ejuro','Rejas','Marco David','1970-11-01','Yacuma','Beni','1904051',3220,'Soltero', 'no','M'),
 ('Villarroel','Cusicanqui','Manuel Adolfo','1977-05-07','Murillo','La Paz','4164253',3735,'Soltero', 'no','M'),
 ('Yupanqui','Fernandez','Juan Carlos','1973-03-30','Cordillera ','Santa Cruz','4642578',3735,'Soltero', 'no','M'),
 ('Yamara','Eamara','Roberto','1965-11-21','Vaca Diez','Beni','1925400',2578,'Soltero', 'no','M'),
 ('Yepes','Hurtado','Marleth','1973-11-02','Nicolas Suarez','Pando','1763684',6955,'Casada', 'no','F'),
 ('Zampieri','Taborga','Hanz','1974-04-11','Cercado','Beni','1920948',6955,'Casado', 'no','M'),
 ('Zelada','Aguado','Alejandro','1974-02-09','Nicolas Suarez','Pando','5614122',3735,'Soltero', 'no','M'),
 ('Zabala','Vaca','Leonal Pablo','1974-08-02','Nicolas Suarez','Pando','1762782',2578,'Soltero', 'no','M'),
 ('Copana','Mamani','Mario Rafael','1970-10-22','Manco Kapac','La Paz','4956271',5088,'Soltero', 'no','M'),
 ('Calle','Arpa','Eulogio','1964-03-11','Larecaja','La Paz','2523330',2578,'Soltero', 'no','M'),
 ('Rodriguez','Ortiz','Jorge','1991-01-10','Iténez','Beni','7584575',3735,'Soltero', 'no','M'),
 ('Aramayo','Mozambite','Carlos Ybar','1979-11-02','Nicolas Suarez','Pando','1769564',2578,'Casado', 'no','M'),
 ('Rocha','Ortuño','Armando Julio','1986-06-19','Cercado','Cochabamba','4202672',3220,'Soltero', 'no','M'),
 ('Jimenez','Montes','Jose Alfredo','1983-10-19','Nicolas Suarez','Pando','4200086',2578,'Soltero', 'no','M'),
 ('Justiniano','Flores','Roger','1968-04-15','Nicolas Suarez','Pando','1760769',3220,'Casado', 'no','M'),
 ('Lima','Javier','Pura Patricia','1981-11-19','Nicolas Suarez','Pando','1766460',3220,'Soltero', 'no','F'),
 ('Hurtado','Vaca','Antonio','1972-11-07','Manuripi','Pando','1762342',3220,'Soltero', 'no','M'),
 ('Terrazas','Hurtado','Jose Rubens','1968-02-26','Nicolas Suarez','Pando','1761103',5088,'Casado', 'no','M'),
 ('Dominguez','Rojas','Robin','1958-06-17','Nicolas Suarez','Pando','1054985',3735,'Casado', 'no','M'),
 ('Paruma','Taborga','Dania Esther','1971-09-27','Vaca Diez','Pando','1908168',3220,'Divorciada', 'no','F'),
 ('Lozada ','Yepez','Hernan Moises ','1968-12-15','Vallegrande , Postervalle','Santa Cruz','3243081',73139840,'Barrio Madre Nazaria', 'no','M'),
 ('Cambara','Mano','Josue','1993-04-23','Yacuma Santa Ana del Yacuma','Beni','7624481',2578,'Barrio Pantanal', 'no','M'),
 ('Vargas','Peñarrieta','Marco Antonio ','1979-09-12','Pantaleon Dalence Machacamarca','Oruro','4040464',3220,'Barrio Pantanal', 'no','M'),
 ('Huaman','Isita','Wilber','1980-05-13','Nicolas Suarez Cobija','Pando','1764129',3220,'Barrio Mira Flores', 'no','M'),
 ('Leon ','Dorado ','Jose Bismarck ','1969-11-21','Andres Ibañez Santa Cruz de la Sierra','Santa Cruz','4596561',2578,'Barrio San Carlos', 'no','M'),
 ('Vargas','Coimbra','Alex Yunior','1995-01-18','Vaca Diez Riberalta','Beni','5716815',2578,'Barrio 27 de Junio', 'no','M'),
 ('Timaray','Rocha','Yimy','1984-10-10','Nicolas Suarez Esperanza','Pando','176900',78201880,'Barrio Patuju ', 'no','M'),
 ('Terrazas','Amutari','Luis Ever','1993-08-30','Madre de Dios  Gonzalo Moreno','Pando','5704018',2578,'Barrio Evo Morales', 'no','M'),
 ('Ayala','Chacolla','Freddy Alcides','1977-06-13','Pacaje Santa Rosa Chojñapampa','La Paz ','4793555',3220,'', 'no','M'),
 ('Mamani ','Yamalo','Vidal','1987-11-05','Gral. Ballivian','Beni','5715992',72938848,'La eureka', 'no','M'),
 ('Reyes','Velez','Gunther','2015-05-11','Nicolas Suarez','Pando','1764940',2578,'', 'no','M'),
 ('Nava','Gomez','Ramiro Jilmar','1985-03-09','CERCADO','COCHABAMBA','4200512',5088,'', 'no','M'),
 ('Cordova','Ferrufino','Juan Carlos','1975-01-12','Esteban','Cochabamba','4450472',3220,'', 'no','M'),
 ('Lizarazu','Sossa','Limberth','1972-12-01','Vaca Diez','Beni','1930831',3735,'', 'no','M'),
 ('Divico','Abed','Walter','1991-08-20','Nicolas Suarez','Pando','4206713',2578,'B/ Villamontes', 'no','M'),
 ('Oliveira','Basconcelo','Maria Dalvina','1972-02-13','Manuripi','Pando','1763974',2578,'', 'no','F'),
 ('Mollinedo','Romero','Erik David','1986-05-21','Rafael Bustillo','Potosi','4200519',7820,'', 'no','M'),
 ('Valdez','Herrera','Rodrigo Alexander','1989-05-03','Nicolas Suarez','Pando','1768686',7187,'', 'no','M'),
 ('Vega','Cardozo','Rodolfo Tadeo','1991-11-03','Nicolas Suarez','Pando','1767224',7187,'', 'no','M'),
 ('Gomez','Chuqui','Nelson Jose','1964-03-10','Vaca Diez','Beni','1727243',3200,'', 'no','M'),
 ('Cazon','Flores','Lidia','1982-01-25','Nor Chichas','Potosi','7157632',2578,'B./ PARAISO', 'no','F'),
 ('Yanamo ','Canamari','Maribel','1982-01-30','madre de Dios','PANDO','9273271',2578,'', 'no','F'),
 ('Condori','Gutierrez','Juan Carlos','1980-10-05','Nicolas Suarez','Pando','1766295',0,'', 'no','M'),
 ('Garcia','Espinoza','Ariel','1983-06-01','Cercado','Cochabamba','1767983',2578,'', 'no','M'),
 ('Mamani','Sosa','Rene','1984-05-12','Iturralde','La Paz','6866753',0,'', 'no','M'),
 ('Portillo','Rodriguez','Marco Antonio','1966-06-22','Vaca Diez','Beni','1925919',0,'', 'no','M'),
 ('Arroyo','Beltran','Zulber','1992-05-11','Nicolas Suarez','Pando','4206601',0,'', 'no','M'),
 ('Enriquez','Mercado','Marcelo Omar','1981-02-26','Murillo','La Paz','4754971',0,'', 'no','M'),
 ('Temo','Castro','Mario Alberto','1995-10-10','Nicolas Suarez','Pando','4207397',0,'', 'no','M'),
 ('Sanchez','Ortiz','Gustavo Esteban','1974-08-16','','pando','4160206',0,'', 'no','M'),
 ('Ramos ','Duarte','Wilson Reinaldo','1991-09-07','Nicolas Suarez','Pando','4217547',0,'', 'no','M'),
 ('Queteguari','Yarari','Sebastian','1987-01-23','Nicolas Suarez','Pando','4216182',0,'', 'no','M'),
 ('Lora','Apuri','Leonardo','1984-05-18','Nicolas Suarez','Pando','1768833',0,'','no','M'),
 ('Hernandes','Chavez','Maria Noelia','1981-06-29','CERCADO','Beni','4195084',0,'COBIJA','no','F'),
 ('Arrazola ','Humaza','Samuel','1990-05-15','Vaca Diez','Beni','4208354',0,'','no','M'),
 ('Yjicore','Juares','Carmelo','1990-05-15','','Beni','4214942','72932213','','B Cataratas','M'),
 ('Machaca','Amos','Humberto','1986-09-18','Larecaja Mapiri','La Paz','6912460',0,'','Zona Centra Av. 9 de Febreo S/N','M'),
 ('Kahua','Gutierrez','Juan Elmer','1996-08-04','Murillo','La paz','12733415',0,'','no','M'),
 ('Silva','Aramayo','Camilo Cesar','1975-08-01','Nicolas Suarez','Pando','1767629',0,'','no','M');



insert into `direcciones` (`nombre_direccion`, `descripcion_direccion`) values 
( 'direccion', 'direccion'),
( 'direccion administrativa y financiera', 'direccion administrativa y financiera'),
( 'direccion operativa y coordinacion', 'direccion operativa'),
( 'direccion de fiscalizacion y supervicion', 'direccion de fiscalizacion y supervicion'),
( 'direccion de estudios y proyectos viales', 'direccion de proyectos'),
( 'direccion de mantenimientos de equipos', 'direccion de mantenimientos'),
( 'direccion de planta de asfalto', 'direccion de asfalto'),
( 'direccion juridica', 'direccion juridica'),
( 'direccion de auditoria interna', 'direccion de auditoria interna');


insert into `unidades` values 
(null, 1, 'direccion', 'direccion direccion'),
(null, 1, 'administrativa y financiera', 'direccion administrativa y financiera'),
(null, 1, 'operativa y coordinacion', 'direccion operativa'),
(null, 1, 'fiscalizacion y supervicion', 'direccion de fiscalizacion y supervicion'),
(null, 1, 'estudios y proyectos viales', 'direccion de proyectos'),
(null, 1, 'mantenimientos de equipos', 'direccion de mantenimientos'),
(null, 1, 'planta de asfalto', 'direccion de asfalto'),
(null, 1, 'juridica', 'direccion juridica'),
(null, 1, 'auditoria interna', 'direccion de auditoria interna'),
(null, 2 , "recursos humanos y bienestar social", "controla y supervisa al personal "),
(null, 2 , "jefe de unidad financiera", "realiza los pagos"),
(null, 2 , "bienes y servicios", "controla los activos fijos"),
(null, 3 , "operativa", "es el jefe"),
(null, 3 , "jefe de campamento", "supervisa los campamentos"),
(null, 3 , "jefe de unidad operativa", "jefe unidad"),
(null, 4 , "unidad SIAM-V", "fiscaliza los proyectos"),
(null, 4 , "supervision de obras ", "fiscaliza los proyectos"),
(null, 5 , "impacto ambiental", "elabora las especificaciones ambientales"),
(null, 5 , "infraestructura vial", "cuidado"),
(null, 5 , "estudio socio economico y planificacion estrategica", "si es viable o no"),
(null, 6 , "mantenimiento de equipos", "reparar los equipos en mal funcionamiento"),
(null, 7 , "unidad plata de asfalto", "planta de asfalto");


INSERT INTO `CARGOS` (`id_unidad`, `nombre_cargo`, `descripcion`) VALUES
('1',  'direccion tecnica del sedcam', 'director'),
('1',  'secretaria de direccion', 'secretaria'),
('1',  'chofer de direccion', 'chofer'),
('1',  'recepcion', 'recepcionista de documentos'),
('1',  'mensajero', 'mensajero'),
('2',  'jefe de direccion administrativa y financiera', 'jefe de direccion'),
('2',  'secretaria administrativa', 'secretaria'),
('2',  'encargado de sistemas', 'sistemas'),
('2',  'tecnico en computacion', 'tecnico'),
('2',  'auxiliar fotocopiadora', 'fotocopiador'),
('10', 'jefe de unidad de RRHH', 'jefe de RRHH'),
('10', 'tecnico de RRHH', 'tecnico'),
('10', 'encargado de archivo', 'encargado de archivo'),
('10', 'auxiliar de RRHH', 'auxiliar de RRHH'),
('10', 'auxiliar de enfermeria', 'enfermera'),
('10', 'asistente portero', 'asistente portero'),
('10', 'asistente serenos', 'asistente serenos'),
('10', 'encargado de limpieza', 'encargado de limpieza'),
('11', 'jefe de unidad financiera', 'jefe de financiera'),
('11', 'encargado de presupuesto', 'encargado de presupuesto'),
('11', 'encargado de contabilidad', 'encargado de contabilidad'),
('11', 'encargado de tesoreria y sigma', 'encargado de tesoreria y sigma'),
('11', 'cajero pagador', 'cajero pagador'),
('11', 'auxiliar contable', 'auxiliar contable'),
('11', 'asistente contable', 'asistente contable'),
('12', 'jefe de unidad de bienes y servicios', 'jefe de bienes y servicios'),
('12', 'encargado de almacenes', 'encargado de almacenes'),
('12', 'encargado de contrataciones', 'encargado de contrataciones'),
('12', 'tecnico de activo fijo', 'tecnico de activo fijo'),
('12', 'asistente de activo fijo', 'asistente de activo fijo'),
('12', 'tecnico de alacenes A', 'tecnico de alacenes A'),
('12', 'tecnico de almacenes B', 'tecnico de almacenes B'),
('12', 'utilitario de almacen', 'utilitario de almacen'),
('12', 'cotizador', 'cotizador'),
('12', 'encargado de combustible y lubrificantes', 'encargado de combustibles'),
('12', 'auxiliar de combustibles y lubrificantes', 'auxiliar de combustibles y lubrificantes'),
('3',  'jefe de direccion operativa y coordinacion', 'jefe de direccion'),
('3',  'secretaria de operativa', 'secretaria de operativa'),
('3',  'asistente operativo', 'asistente operativo'),
('3',  'jefe de unidad operativo', 'jefe de unidad operativo'),
('3',  'jefe de campamento', 'jefe de campamento'),
('13', 'operador B', 'operador B'),
('13', 'chofer A', 'chofer A'),
('14', 'operador A', 'operador A'),
('14', 'encargado BBSS', 'encargado BBSS'),
('14', 'operador B', 'operador B'),
('14', 'chofer A', 'chofer A'),
('14', 'ayudante operador', 'ayudante operador'),
('14', 'asistente cocinera', 'asistente cocinera'),
('15', 'operador B', 'operador B'),
('15', 'chofer A', 'chofer A'),
('4', 'jefe de direccion de fiscalizacion y supervision', 'jefe de direccion de fiscalizacion y supervision'),
('4', 'asistente de fiscalizacion', 'asistente de fiscalizacion'),
('4', 'jefe de SIAM-V', 'jefe de SIAM-V'),
('4', 'jefe de supervision de obras', 'jefe de supervision de obras'),
('16', 'encargado de SIAM-V', 'encargado de SIAM-V'),
('16', 'tecnico SAM-SAE', 'tecnico SAM-SAE'),
('6', 'jefe de direccion de mantenimiento de equipos', 'jefe de direccion de mantenimiento de equipos'),
('6', 'secretaria de mantenimiento y equipos', 'secretaria de mantenimiento y equipos'),
('6', 'asistente de mantenimiento', 'asistente de mantenimiento'),
('6', 'jefe de unidad de mantenimiento de equipos', 'jefe de unidad de mantenimiento de equipos'),
('8', 'tecnico auxiliar de mantenimiento', 'tecnico auxiliar de mantenimiento'),
('8', 'encargado de maestranza', 'encargado de maestranza'),
('8', 'encargado mecanico', 'encargado mecanico'),
('8', 'encargado electrico', 'encargado electrico'),
('8', 'tornero', 'tornero'),
('8', 'soldador', 'soldador'),
('8', 'llantero', 'llantero'),
('8', 'ayudante llantero', 'ayudante llantero'),
('8', 'mecanicos A', 'mecanicos A'),
('8', 'mecanicos B', 'mecanicos B'),
('8', 'ayudante mecanicos', 'ayudante mecanicos'),
('8', 'electricista', 'electricista'),
('5', 'jefe de direccion de estudios y proyectos viales', 'jefe de direccion de estudios y proyectos viales'),
('5', 'secretaria de proyectos', 'secretaria de proyectos'),
('5', 'jefe de unidad de impacto ambiental', 'jefe de unidad de impacto ambiental'),
('5', 'jefe de unidad de infraestructura vial', 'jefe de unidad de infraestructura vial'),
('5', 'jefe de unidad de estudio socioeconomico y planificacion estrategica', 'estudio socioeconomico y planificacion'),
('19', 'encargado de sistema de informacion geografica', 'encargado de sistema de informacion geografica'),
('19', 'topografo', 'topografo'),
('19', 'encargado de diseño geometrico', 'encargado de diseño geometrico'),
('18', 'seguridad industrial', 'seguridad industrial'),
('7', 'jefe de direccion de planta de asfalto', 'jefe de direccion de planta de asfalto'),
('7', 'enc de BB y SS', 'enc de BB y SS'),
('7', 'jefe de unidad planta de asfalto', 'jefe de unidad planta de asfalto'),
('8', 'asesor legal', 'asesor legal'),
('8', 'abogado', 'abogado'),
('8', 'asistente legal', 'asistente legal'),
('8', 'abogado', 'abogado');


INSERT INTO `requisitos` (`id_persona`) VALUES 
(91),
(131),
(72),
(56),
(215),
(79),
(56),
(95),
(209),
(97),
(98),
(99),
(131),
(191),
(88),
(96),
(130),
(135),
(166),
(52),
(197),
(75),
(76),
(82),
(33),
(27);


INSERT INTO `contrataciones` (`id_persona`, `id_requisito`, 				`id_nivel`,	 `id_cargo`, 	`id_horario`, 	`PIN`, 	`contrato`, 	  `fecha_ingreso`) VALUES
(91, (select id_requisito from requisitos where id_persona = 91 limit 1),	 6,				8, 				1, 			55, 		'fijo', 	   '2019-01-14'),
(131,(select id_requisito from requisitos where id_persona = 131 limit 1),	 2,				6, 				1,			175,		'fijo',        '2013-01-14'),
(72, (select id_requisito from requisitos where id_persona = 72 limit 1),	 11, 			34, 			1, 			36, 		'fijo', 	   '2018-09-13'),
(56, (select id_requisito from requisitos where id_persona = 56 limit 1),	 4, 			85,				1, 			71, 		'fijo',        '2012-09-13'),
(215,(select id_requisito from requisitos where id_persona = 215 limit 1),	 8, 			9, 				1, 			46, 		'fijo', 	   '2018-03-07'),
(79, (select id_requisito from requisitos where id_persona = 79 limit 1),	 2,				58, 			1, 			55, 		'fijo', 	   '2019-01-14'),
(95, (select id_requisito from requisitos where id_persona = 95 limit 1),	 6,				80,				1,			175,		'fijo',        '2013-01-14'),
(209,(select id_requisito from requisitos where id_persona = 209 limit 1),	 10, 			12,				9, 			36, 		'fijo', 	   '2018-09-13'),
(97, (select id_requisito from requisitos where id_persona = 97 limit 1),	 8, 			43,				1, 			71, 		'fijo',        '2012-09-13'),
(98, (select id_requisito from requisitos where id_persona = 98 limit 1),	 12, 			18,				7, 			46, 		'fijo', 	   '2018-03-07'),
(99, (select id_requisito from requisitos where id_persona = 99 limit 1),	 4,				54, 			1, 			55, 		'fijo', 	   '2019-01-14'),
(191,(select id_requisito from requisitos where id_persona = 191 limit 1),	 11, 			48, 			9, 			36, 		'fijo', 	   '2018-09-13'),
(88, (select id_requisito from requisitos where id_persona = 88 limit 1),	 6, 			28,				1, 			71, 		'fijo',        '2012-09-13'),
(96, (select id_requisito from requisitos where id_persona = 96 limit 1),	 11, 			10,				1, 			46, 		'fijo', 	   '2018-03-07'),
(130,(select id_requisito from requisitos where id_persona = 130 limit 1),	 11,			53,				1, 			55, 		'fijo', 	   '2019-01-14'),
(135,(select id_requisito from requisitos where id_persona = 135 limit 1),	 8,				59,				9,			175,		'fijo',        '2013-01-14'),
(166,(select id_requisito from requisitos where id_persona = 166 limit 1),	 4,				78, 			1, 			36, 		'fijo', 	   '2018-09-13'),
(52, (select id_requisito from requisitos where id_persona = 52 limit 1),	 8, 			38,				9, 			71, 		'fijo',        '2012-09-13'),
(197,(select id_requisito from requisitos where id_persona = 197 limit 1),	 1, 			1, 				1, 			46, 		'fijo', 	   '2018-03-07'),
(75, (select id_requisito from requisitos where id_persona = 75 limit 1),	 6,				89,				1, 			55, 		'fijo', 	   '2019-01-14'),
(76, (select id_requisito from requisitos where id_persona = 76 limit 1),	 6,				27,				1,			175,		'fijo',        '2013-01-14'),
(82, (select id_requisito from requisitos where id_persona = 82 limit 1),	 8, 			29,				1, 			36, 		'fijo', 	   '2018-09-13'),
(33, (select id_requisito from requisitos where id_persona = 33 limit 1),	 8, 			44,				9, 			71, 		'fijo',        '2012-09-13'),
(27, (select id_requisito from requisitos where id_persona = 27 limit 1),	 7, 			22,				1, 			46, 		'fijo', 	   '2018-03-07');

INSERT INTO `horarios` ( `nombre_horario`, `entrada1`, `salida1`, `entrada2`, `salida2`) VALUES
('Horario Oficina', '08:00:00', '12:30:00', '15:00:00', '18:30:00'),
('lactancia 1', '08:00:00', '12:30:00', '16:00:00', '18:30:00'),
('lactancia 2', '08:30:00', '12:30:00', '15:30:00', '18:30:00'),
('lactancia 3', '08:00:00', '12:30:00', '15:00:00', '17:30:00'),
('lactancia 4', '08:30:00', '12:30:00', '15:00:00', '18:00:00'),
('serenos', '07:00:00', '00:00:00', '00:00:00', '00:00:00'),
('limpieza', '07:30:00', '12:00:00', '14:30:00', '18:00:00'),
('Horario Continuo', '08:30:00', '17:00:00', '00:00:00', '00:00:00'),
( 'Maestranza', '08:30:00', '17:00:00', '00:00:00', '00:00:00');


INSERT INTO `niveles` (`nombre_nivel`, `haber_basico`) VALUES
('director', 8967.00),
('jefe de direccion', 7596.00),
('asesor', 7596.00),
('jefe de unidad', 7385.00),
('auditor', 7385.00),
('profesional 1', 5368.00),
('profesional 2', 4853.00),
('profesional 3', 4220.00),
('tecnico 1', 3940.00),
('tecnico 2', 3397.00),
('tecnico 3', 3165.00),
('asistente 1', 2720.00),
('asistente 2', 2335.00);


































-- para hacer la union el query entender como funciona --
select tb.biometrico_id, tb.PIN, C.PIN, c.contrato, id_persona from TEMPBIO3 tb join contrataciones c on tb.PIN = c.PIN 
where Id_persona in 
(select id_persona p from contrataciones p
	join horarios h on h.id_horario = p.id_horario
	where h.nombre_horario = "Horario Oficina")  unidad.nombre_unidad, unidad.descripcion FROM direccion RIGHT JOIN unidad ON direccion.id_direccion = unidad.direccion_id_direccion ;



select id_contratacion c, id_persona c, id_horario h, nombre_horario h, PIN c, contrato c, fecha_ingreso c, biometrico_id b, pin b 
from contrataciones c join horarios h on c.id_horario = h.id_horario join biometricobase b on c.PIN = b.pin

select count(*),c.id_contratacion, c.id_persona,  c.id_horario , h.nombre_horario, c.PIN, c.contrato, c.fecha_ingreso, b.biometrico_id, b.pin 
from contrataciones c join horarios h on c.id_horario = h.id_horario join biometricobase b on c.PIN = b.pin




CREATE TEMPORARY TABLE TEMPBIO2(     
	SELECT biometrico_id, pin, 
	SUBSTRING_INDEX(SUBSTRING_INDEX(fecha, ' ', 1), ' ', -1) AS fecha,
	 TRIM( SUBSTR(fecha, LOCATE(' ', fecha)) ) AS hora from TEMPBIO1);


	 Insert into biometrico(biometrico_id,PIN,fecha,hora,observacion) (
	select tb3.biometrico_id,tb3.pin,tb3.fecha,tb3.hora,tb3.observacion 
	from TEMPBIO3 tb3 
	join biometrico b on b.biometrico_id=tb3.biometrico_id
	where CAST(b.fecha AS char) + " " + CAST(b.hora AS char) <> CAST(tb3.fecha AS char) + " " + CAST(tb3.hora AS char));

